dataset,rmse,mae,nasa_score,n_engines
FD001,15.399215698242188,11.655498504638672,402.6584777832031,100
